/**
 *  SETUP DE PLATAFORMA
 */

-- Dimensiones:

    INSERT INTO Dim(DimensionID, Nombre, Descripcion, SystemParameter) VALUES(1, 'Dim', 'Dimensiones del Sistema', 2);
    INSERT INTO Dim(DimensionID, Nombre, Descripcion, SystemParameter) VALUES(2, 'Cat', 'Categorías del Sistema', 2);
    INSERT INTO Dim(DimensionID, Nombre, Descripcion, SystemParameter) VALUES(3, 'CatVal', 'Valores de Categorías del Sistema', 2);
    INSERT INTO Dim(DimensionID, Nombre, Descripcion, SystemParameter) VALUES(4, 'Est', 'Estados del Sistema', 2);
    INSERT INTO Dim(DimensionID, Nombre, Descripcion, SystemParameter) VALUES(5, 'EstVal', 'Valores de Estados del Sistema', 2);
    INSERT INTO Dim(DimensionID, Nombre, Descripcion, SystemParameter) VALUES(6, 'Arb', 'Arboles del Sistema', 2);
    INSERT INTO Dim(DimensionID, Nombre, Descripcion, SystemParameter) VALUES(7, 'ArbItm', 'Items de Arboles del Sistema', 2);
    INSERT INTO Dim(DimensionID, Nombre, Descripcion, SystemParameter) VALUES(8, 'Per', 'Personas del Sistema', 2);
    INSERT INTO Dim(DimensionID, Nombre, Descripcion, SystemParameter) VALUES(9, 'PerCatVal', 'Valores de Categorías de Personas del Sistema', 2);
    INSERT INTO Dim(DimensionID, Nombre, Descripcion, SystemParameter) VALUES(10, 'PerEstVal', 'Valores de Estados de Personas del Sistema', 2);
    INSERT INTO Dim(DimensionID, Nombre, Descripcion, SystemParameter) VALUES(11, 'Nts', 'Notas del Sistema', 2);
    INSERT INTO Dim(DimensionID, Nombre, Descripcion, SystemParameter) VALUES(12, 'Lge', 'Logs del Sistema', 2);
    INSERT INTO Dim(DimensionID, Nombre, Descripcion, SystemParameter) VALUES(13, 'LogEvt', 'Eventos de Logs del Sistema', 2);
    INSERT INTO Dim(DimensionID, Nombre, Descripcion, SystemParameter) VALUES(14, 'Cfg', 'Configuraciones del Sistema', 2);
    INSERT INTO Dim(DimensionID, Nombre, Descripcion, SystemParameter) VALUES(15, 'CfgOpt', 'Opciones de Configuraciones del Sistema', 2);
    INSERT INTO Dim(DimensionID, Nombre, Descripcion, SystemParameter) VALUES(16, 'Prc', 'Procesos del Sistema', 2);
    INSERT INTO Dim(DimensionID, Nombre, Descripcion, SystemParameter) VALUES(17, 'Upd', 'Actualizaciones del Sistema', 2);
    INSERT INTO Dim(DimensionID, Nombre, Descripcion, SystemParameter) VALUES(18, 'Cul', 'Culturas del Sistema', 2);
    INSERT INTO Dim(DimensionID, Nombre, Descripcion, SystemParameter) VALUES(19, 'Usr', 'Usuarios del Sistema', 2);
    INSERT INTO Dim(DimensionID, Nombre, Descripcion, SystemParameter) VALUES(20, 'UsrCatVal', 'Valores de Categorías de Usuarios del Sistema', 2);
    INSERT INTO Dim(DimensionID, Nombre, Descripcion, SystemParameter) VALUES(21, 'UsrEstVal', 'Valores de Estados de Usuarios del Sistema', 2);
    INSERT INTO Dim(DimensionID, Nombre, Descripcion, SystemParameter) VALUES(22, 'Red', 'Redes del Sistema', 2);
    INSERT INTO Dim(DimensionID, Nombre, Descripcion, SystemParameter) VALUES(23, 'RedNod', 'Nodos de Redes del Sistema', 2);
    INSERT INTO Dim(DimensionID, Nombre, Descripcion, SystemParameter) VALUES(24, 'RedNodLnk', 'Links de Nodos de Redes del Sistema', 2);

    INSERT INTO Dim(DimensionID, Nombre, Descripcion, SystemParameter) VALUES(25, 'Mdl', 'Módulos Controladores de Dispositivos de la Plataforma de SIMICRO', 2);
    INSERT INTO Dim(DimensionID, Nombre, Descripcion, SystemParameter) VALUES(26, 'MdlCatVal', 'Valores de Categorías de Módulos Controladores de Dispositivos de la Plataforma de SIMICRO', 2);
    INSERT INTO Dim(DimensionID, Nombre, Descripcion, SystemParameter) VALUES(27, 'MdlEstVal', 'Valores de Estados de Módulos Controladores de Dispositivos de la Plataforma de SIMICRO', 2);

    INSERT INTO Dim(DimensionID, Nombre, Descripcion, SystemParameter) VALUES(28, 'Gru', 'Grupos de la Plataforma de SIMICRO', 2);
    INSERT INTO Dim(DimensionID, Nombre, Descripcion, SystemParameter) VALUES(29, 'PerGru', 'Grupos de Personas de la Plataforma de SIMICRO', 2);
    INSERT INTO Dim(DimensionID, Nombre, Descripcion, SystemParameter) VALUES(30, 'PerIdn', 'Identificaciones de Personas de la Plataforma de SIMICRO', 2);
    INSERT INTO Dim(DimensionID, Nombre, Descripcion, SystemParameter) VALUES(31, 'GruIdn', 'Identificaciones de Grupos de la Plataforma de SIMICRO', 2);
    INSERT INTO Dim(DimensionID, Nombre, Descripcion, SystemParameter) VALUES(32, 'Idn', 'Identificaciones de la Plataforma de SIMICRO', 2);
    INSERT INTO Dim(DimensionID, Nombre, Descripcion, SystemParameter) VALUES(33, 'IdnCatVal', 'Valores de Categorías de Identificaciones de la Plataforma de SIMICRO', 2);
    INSERT INTO Dim(DimensionID, Nombre, Descripcion, SystemParameter) VALUES(34, 'Prf', 'Perfiles de la Plataforma de SIMICRO', 2);
    INSERT INTO Dim(DimensionID, Nombre, Descripcion, SystemParameter) VALUES(35, 'PrfVal', 'Valores de Perfiles de la Plataforma de SIMICRO', 2);
    INSERT INTO Dim(DimensionID, Nombre, Descripcion, SystemParameter) VALUES(36, 'GruMdlPrf', 'Perfiles Asignados a los Grupos por Módulo de la Plataforma de SIMICRO (Permisos)', 2);

    INSERT INTO Dim(DimensionID, Nombre, Descripcion, SystemParameter) VALUES(37, 'Tkn', 'Palabras de Culturas del Sistema', 2);
    INSERT INTO Dim(DimensionID, Nombre, Descripcion, SystemParameter) VALUES(38, 'Mvt', 'Movimientos Registrados en Módulos de la Plataforma de SIMICRO', 2);
    INSERT INTO Dim(DimensionID, Nombre, Descripcion, SystemParameter) VALUES(39, 'MvtCatVal', 'Valores de Categorías de Movimientos Registrados en Módulos de la Plataforma de SIMICRO', 2);
    INSERT INTO Dim(DimensionID, Nombre, Descripcion, SystemParameter) VALUES(40, 'TknCul', 'Valores Traducidos de Palabras de Culturas del Sistema', 2);

    INSERT INTO Dim(DimensionID, Nombre, Descripcion, SystemParameter) VALUES(41, 'Lic', 'Licencias del Sistema', 2);
    INSERT INTO Dim(DimensionID, Nombre, Descripcion, SystemParameter) VALUES(42, 'Clc', 'Compras de Licencias para uso del Sistema', 2);
    INSERT INTO Dim(DimensionID, Nombre, Descripcion, SystemParameter) VALUES(43, 'Nsl', 'Nuevas Solicitudes de Licencias para el Sistema', 2);    

    INSERT INTO Dim(DimensionID, Nombre, Descripcion, SystemParameter) VALUES(44, 'Tck', 'Tabla Dinamica de Ticket', 2);    
    INSERT INTO Dim(DimensionID, Nombre, Descripcion, SystemParameter) VALUES(45, 'TckHst', 'Tabla Historica de Ticket', 2);
    INSERT INTO Dim(DimensionID, Nombre, Descripcion, SystemParameter) VALUES(46, 'TckPer', 'Tabla de Relacion Ticket Personas Visitantes', 2);    

 
-- Categorías:

    INSERT INTO Cat(CategoriaID, Nombre, SystemParameter) VALUES(1, 'Perfil de Usuario', 2);
        INSERT INTO CatVal(CategoriaID, ValorID, Nombre, SystemParameter) VALUES(1, 1, 'Administración de Sistema', 2);
        INSERT INTO CatVal(CategoriaID, ValorID, Nombre, SystemParameter) VALUES(1, 2, 'Administración de Usuarios', 2);
        INSERT INTO CatVal(CategoriaID, ValorID, Nombre, SystemParameter) VALUES(1, 3, 'Administración de Personas', 2);
        INSERT INTO CatVal(CategoriaID, ValorID, Nombre, SystemParameter) VALUES(1, 4, 'Administración de Módulos', 2);
        INSERT INTO CatVal(CategoriaID, ValorID, Nombre, SystemParameter) VALUES(1, 5, 'Servicio Técnico', 2);
        INSERT INTO CatVal(CategoriaID, ValorID, Nombre, SystemParameter) VALUES(1, 6, 'Administración de Arboles', 2);
        INSERT INTO CatVal(CategoriaID, ValorID, Nombre, SystemParameter) VALUES(1, 7, 'Administración de Categorías', 2);
        INSERT INTO CatVal(CategoriaID, ValorID, Nombre, SystemParameter) VALUES(1, 8, 'Administración de Culturas', 2);
        INSERT INTO CatVal(CategoriaID, ValorID, Nombre, SystemParameter) VALUES(1, 9, 'Administración de Estados', 2);
        INSERT INTO CatVal(CategoriaID, ValorID, Nombre, SystemParameter) VALUES(1, 10, 'Administración de Grupos', 2);
        INSERT INTO CatVal(CategoriaID, ValorID, Nombre, SystemParameter) VALUES(1, 11, 'Administración de Identific.', 2);
        INSERT INTO CatVal(CategoriaID, ValorID, Nombre, SystemParameter) VALUES(1, 12 'Administración de Perfiles', 2);
        INSERT INTO CatVal(CategoriaID, ValorID, Nombre, SystemParameter) VALUES(1, 13, 'Administración de Redes', 2);
        INSERT INTO CatVal(CategoriaID, ValorID, Nombre, SystemParameter) VALUES(1, 14, 'Administración de Permisos', 2);

    INSERT INTO Cat(CategoriaID, Nombre, SystemParameter) VALUES(2, 'Tipo de Módulo Controlador', 2);
        INSERT INTO CatVal(CategoriaID, ValorID, Nombre, SystemParameter) VALUES(2, 1, 'ST1660', 2);
        INSERT INTO CatVal(CategoriaID, ValorID, Nombre, SystemParameter) VALUES(2, 2, 'DDMM', 2);
        INSERT INTO CatVal(CategoriaID, ValorID, Nombre, SystemParameter) VALUES(2, 3, 'Cash Park', 2);
        INSERT INTO CatVal(CategoriaID, ValorID, Nombre, SystemParameter) VALUES(2, 4, 'Cash Tag', 2);
        INSERT INTO CatVal(CategoriaID, ValorID, Nombre, SystemParameter) VALUES(2, 5, 'ST1660 Park', 2);        
  
    INSERT INTO Cat(CategoriaID, Nombre, SystemParameter) VALUES(3, 'Tipo de Identificación', 2);
        INSERT INTO CatVal(CategoriaID, ValorID, Nombre, SystemParameter) VALUES(3, 1, 'Proximidad', 2);
        INSERT INTO CatVal(CategoriaID, ValorID, Nombre, SystemParameter) VALUES(3, 2, 'Código de Barra', 2);
        INSERT INTO CatVal(CategoriaID, ValorID, Nombre, SystemParameter) VALUES(3, 3, 'Banda Magnética', 2);
        INSERT INTO CatVal(CategoriaID, ValorID, Nombre, SystemParameter) VALUES(3, 4, 'TAG', 2);
        INSERT INTO CatVal(CategoriaID, ValorID, Nombre, SystemParameter) VALUES(3, 5, 'PIN', 2);

    INSERT INTO Cat(CategoriaID, Nombre, SystemParameter) VALUES(4, 'Sentido de Módulo', 2);
        INSERT INTO CatVal(CategoriaID, ValorID, Nombre, SystemParameter) VALUES(4, 1, 'Ingreso', 2);
        INSERT INTO CatVal(CategoriaID, ValorID, Nombre, SystemParameter) VALUES(4, 2, 'Salida', 2);
        INSERT INTO CatVal(CategoriaID, ValorID, Nombre, SystemParameter) VALUES(4, 3, 'Módulo informa', 2);
        INSERT INTO CatVal(CategoriaID, ValorID, Nombre, SystemParameter) VALUES(4, 4, 'Lector único', 2);

    INSERT INTO Cat(CategoriaID, Nombre, SystemParameter) VALUES(5, 'Encuesta', 2);
        INSERT INTO CatVal(CategoriaID, ValorID, Nombre, SystemParameter) VALUES(5, 1, 'Si', 2);
        INSERT INTO CatVal(CategoriaID, ValorID, Nombre, SystemParameter) VALUES(5, 2, 'No', 2);

    INSERT INTO Cat(CategoriaID, Nombre, SystemParameter) VALUES(6, 'Responde', 2);
        INSERT INTO CatVal(CategoriaID, ValorID, Nombre, SystemParameter) VALUES(6, 1, 'Si', 2);
        INSERT INTO CatVal(CategoriaID, ValorID, Nombre, SystemParameter) VALUES(6, 2, 'No', 2);

    INSERT INTO Cat(CategoriaID, Nombre, SystemParameter) VALUES(7, 'AntiPassBack', 2);
        INSERT INTO CatVal(CategoriaID, ValorID, Nombre, SystemParameter) VALUES(7, 1, 'Si', 2);
        INSERT INTO CatVal(CategoriaID, ValorID, Nombre, SystemParameter) VALUES(7, 2, 'No', 2);

    INSERT INTO Cat(CategoriaID, Nombre, SystemParameter) VALUES(8, 'Protocolo de Módulo', 2);
        INSERT INTO CatVal(CategoriaID, ValorID, Nombre, SystemParameter) VALUES(8, 1, 'Propietario Simicro', 2);

    INSERT INTO Cat(CategoriaID, Nombre, SystemParameter) VALUES(9, 'Tipo de Entorno Gráfico', 2);
        INSERT INTO CatVal(CategoriaID, ValorID, Nombre, SystemParameter) VALUES(9, 1, 'Supervisor', 2);
        INSERT INTO CatVal(CategoriaID, ValorID, Nombre, SystemParameter) VALUES(9, 2, 'Controlador de Módulo', 2);
        INSERT INTO CatVal(CategoriaID, ValorID, Nombre, SystemParameter) VALUES(9, 3, 'Gestión de Licencias', 2);        

    INSERT INTO Cat(CategoriaID, Nombre, SystemParameter) VALUES(10, 'Tipo de Persona', 2);
        INSERT INTO CatVal(CategoriaID, ValorID, Nombre, SystemParameter) VALUES(10, 1, 'Director', 2);
        INSERT INTO CatVal(CategoriaID, ValorID, Nombre, SystemParameter) VALUES(10, 2, 'Empleado', 2);

    INSERT INTO Cat(CategoriaID, Nombre, SystemParameter) VALUES(11, 'Tipo de Documento de Persona', 2);
        INSERT INTO CatVal(CategoriaID, ValorID, Nombre, SystemParameter) VALUES(11, 1, 'DNI', 2);
        INSERT INTO CatVal(CategoriaID, ValorID, Nombre, SystemParameter) VALUES(11, 2, 'Cédula de Identidad', 2);
        INSERT INTO CatVal(CategoriaID, ValorID, Nombre, SystemParameter) VALUES(11, 3, 'Pasaporte', 2);

    INSERT INTO Cat(CategoriaID, Nombre, SystemParameter) VALUES(12, 'Tipo de Teléfono de Persona', 2);
        INSERT INTO CatVal(CategoriaID, ValorID, Nombre, SystemParameter) VALUES(12, 1, 'Particular', 2);
        INSERT INTO CatVal(CategoriaID, ValorID, Nombre, SystemParameter) VALUES(12, 2, 'Móvil', 2);
        INSERT INTO CatVal(CategoriaID, ValorID, Nombre, SystemParameter) VALUES(12, 3, 'Laboral', 2);

    INSERT INTO Cat(CategoriaID, Nombre, SystemParameter) VALUES(13, 'Tipo de E-mail de Persona', 2);
        INSERT INTO CatVal(CategoriaID, ValorID, Nombre, SystemParameter) VALUES(13, 1, 'Particular', 2);
        INSERT INTO CatVal(CategoriaID, ValorID, Nombre, SystemParameter) VALUES(13, 2, 'Laboral', 2);

    INSERT INTO Cat(CategoriaID, Nombre, SystemParameter) VALUES(14, 'Tipo de E-mail de Dirección', 2);
        INSERT INTO CatVal(CategoriaID, ValorID, Nombre, SystemParameter) VALUES(14, 1, 'Particular', 2);
        INSERT INTO CatVal(CategoriaID, ValorID, Nombre, SystemParameter) VALUES(14, 2, 'Laboral', 2);

    INSERT INTO Cat(CategoriaID, Nombre, SystemParameter) VALUES(15, 'Tipo de Acceso', 2);
        INSERT INTO CatVal(CategoriaID, ValorID, Nombre, SystemParameter) VALUES(15, 1, 'Puerta', 2);
        INSERT INTO CatVal(CategoriaID, ValorID, Nombre, SystemParameter) VALUES(15, 2, 'Molinete', 2);
        INSERT INTO CatVal(CategoriaID, ValorID, Nombre, SystemParameter) VALUES(15, 3, 'Barrera', 2);

    INSERT INTO Cat(CategoriaID, Nombre, SystemParameter) VALUES(16, 'Tipo de Unidad de Identif.', 2);
        INSERT INTO CatVal(CategoriaID, ValorID, Nombre, SystemParameter) VALUES(16, 1, 'Persona', 2);
        INSERT INTO CatVal(CategoriaID, ValorID, Nombre, SystemParameter) VALUES(16, 2, 'Grupo', 2);

    INSERT INTO Cat(CategoriaID, Nombre, SystemParameter) VALUES(17, 'Tipo de Evento', 2);
        INSERT INTO CatVal(CategoriaID, ValorID, Nombre, SystemParameter) VALUES(17, 1, 'Acceso', 2);
        INSERT INTO CatVal(CategoriaID, ValorID, Nombre, SystemParameter) VALUES(17, 2, 'Presentismo', 2);


-- Estados:

    INSERT INTO Est(EstadoID, Nombre, SystemParameter) VALUES(1, 'Estado de Usuario', 2);
        INSERT INTO EstVal(EstadoID, ValorID, Nombre, SystemParameter) VALUES(1, 1, 'Habilitado', 2);
        INSERT INTO EstVal(EstadoID, ValorID, Nombre, SystemParameter) VALUES(1, 2, 'Deshabilitado', 2);

    INSERT INTO Est(EstadoID, Nombre, SystemParameter) VALUES(2, 'Funcionando', 2);
        INSERT INTO EstVal(EstadoID, ValorID, Nombre, SystemParameter) VALUES(2, 1, 'Si', 2);
        INSERT INTO EstVal(EstadoID, ValorID, Nombre, SystemParameter) VALUES(2, 2, 'No', 2);


-- Usuarios:

    INSERT INTO Usr(UsuarioID, Nombre, Password, SystemParameter) VALUES(1, 'AdminTool', 'AdminTool2008', 2);
        INSERT INTO UsrEstVal(UsuarioID, EstadoID, ValorID) VALUES(1, 1, 1);
        INSERT INTO UsrCatVal(UsuarioID, CategoriaID, ValorID) VALUES(1, 1, 1);
        INSERT INTO UsrCatVal(UsuarioID, CategoriaID, ValorID) VALUES(1, 1, 2);
        INSERT INTO UsrCatVal(UsuarioID, CategoriaID, ValorID) VALUES(1, 1, 3);
        INSERT INTO UsrCatVal(UsuarioID, CategoriaID, ValorID) VALUES(1, 1, 4);
        INSERT INTO UsrCatVal(UsuarioID, CategoriaID, ValorID) VALUES(1, 1, 5);
        INSERT INTO UsrCatVal(UsuarioID, CategoriaID, ValorID) VALUES(1, 1, 6);
        INSERT INTO UsrCatVal(UsuarioID, CategoriaID, ValorID) VALUES(1, 1, 7);
        INSERT INTO UsrCatVal(UsuarioID, CategoriaID, ValorID) VALUES(1, 1, 8);
        INSERT INTO UsrCatVal(UsuarioID, CategoriaID, ValorID) VALUES(1, 1, 9);
        INSERT INTO UsrCatVal(UsuarioID, CategoriaID, ValorID) VALUES(1, 1, 10);
        INSERT INTO UsrCatVal(UsuarioID, CategoriaID, ValorID) VALUES(1, 1, 11);
        INSERT INTO UsrCatVal(UsuarioID, CategoriaID, ValorID) VALUES(1, 1, 12);
        INSERT INTO UsrCatVal(UsuarioID, CategoriaID, ValorID) VALUES(1, 1, 13);
        INSERT INTO UsrCatVal(UsuarioID, CategoriaID, ValorID) VALUES(1, 1, 14);


-- Cultura

    INSERT INTO Cul(CulturaID, Nombre, SystemParameter) VALUES(1, "es-ar", 2);
    INSERT INTO Cul(CulturaID, Nombre, SystemParameter) VALUES(2, "en-us", 2);


-- Tokens:


-- Licencias

    INSERT INTO Lic(LicenciaID, Nombre, SoftwareKey, Descripcion) VALUES (1, 'LIC_2_MODULOS', '', 'Licencia para 2 Módulos Controladores');
    INSERT INTO Lic(LicenciaID, Nombre, SoftwareKey, Descripcion) VALUES (2, 'LIC_4_MODULOS', '', 'Licencia para 4 Módulos Controladores');
    INSERT INTO Lic(LicenciaID, Nombre, SoftwareKey, Descripcion) VALUES (3, 'LIC_8_MODULOS', '', 'Licencia para 8 Módulos Controladores');


-- Sistema

    INSERT INTO Upd(UpdateID, Nombre, SystemParameter) VALUES(1, 'SOFTWAREINSTALLED', 2);




















































































































































































































































































































































































































































































































































































































































































































































































































































































































































































































































































































































































































































































































































































































































































































































































































































































































































































































































































































































































































































































































































































































































































































































































































































































































































































































































































































































































































































































































































































































































































































































































































































































































































































































































































































































































































































































































































































































































































































































































































































































































































































































































































































































































































































































































































































































































































































































































































































































































































































































































































































































































































































































































































































































































































































































































































































































































































































































































































































































































































































































































































































































































































































































































































































































































































































































































































































































































































































































































































































































































































































































































































































































































































































































































































































































































































































































































































































































































































































































































































































































































































































































































































































